Author,Title ,Cited in,ID in Kitab database,Other
Sulaym ibn Qays al-Hilālī,Kitab Sulaym b. Qays al-Hilali,Bursi,0085SulaymIbnQaysHilali.KitabSulaym,https://hubeali.com/books/English-Books/The-Book-Of-Sulaym-Bin-Qays-Al-Hilali/Kitab_Sulaym_PI.pdf
Muʇahid Gabr B.,Tafsi¯r Al-imam Mujahid Ibn Jabr,Bursi,0104MujahidIbnJabr.Tafsir,
al-Hasan al-Basri A.S.Y.,Fadā'il Makka wa-l-sakan fīhā,Bursi,0110HasanBasri.FadailMakka,
Sulaymân M.B.,Tafsir Muqatil b. Sulayman,Bursi,0150MuqatilIbnSulayman.TafsirMuqatil,
Ibn Is'haq M.,Kitab al-Siyar wa-al-Maghazi,Bursi,0151IbnIshaq.Sira,
Anas M.B.,Al-Muwatta,Bursi,0179MalikIbnAnas.Muwatta,
Ibn al-Mubarak A.A.,Kitab al-Zuhd wa yalihi Kitab al-Raqa'iq,Bursi,0181IbnMubarak.Zuhd,
al-Shaybani M.B.-H.,Kitab al-Athar,Bursi,0189MuhammadShaybani.Athar,
"al-Shaybani, Muhammad ",Kitab al-Siyar,Goldziher,0189MuhammadShaybani.Siyar,
Ibn Wahb A.,Al-ǧāmi': Die Koranwissenschaften,Bursi,0197IbnWahbQurashi.JamicFiHadith,
Ibn Wahb A.A.-Q.,Al-Jami fi-l-hadith,Bursi,0197IbnWahbQurashi.JamicFiHadith,
Ibn Wahb A.A.-Q.,Kitab al-Muharaba min al-Muwatta',Bursi,0197IbnWahbQurashi.MuharabaMinMuwattaIbnWahb,
al-Tayalisi A.D.S.B.D.-J.,Musnad Abi Dawud al-Tayalisi,Bursi,0204AbuDawudTayalisi.Musnad,
Ibn al-Kalbi H.B.M.,NasabMa'add wa-l-Yaman al-kabir,Bursi,0204IbnKalbi.NasabMacad,
al-Shafi'i M.B.I.,Al-Umm,Bursi,0204Shafici.Umm,
Al-Waqidi,Kitāb Al-maghāzī,Bursi,0207Waqidi.Maghazi,
Al-San'ani A.A.-R.H.,Al-Musannaf,Bursi,0211CabdRazzaqSancani.Musannaf,
Al-San'ani A.A.-R.H.,Tafsir Abd al-Razzaq,Bursi,0211CabdRazzaqSancani.Tafsir,
Ibn Hisham A.-M.,Kitab Sirat Rasul Allah: Das Leben Muhammed's nach Muhammed Ibn Ishak bearbeitet von Abd el-Malik Ibn Hischam,Bursi,0213IbnHisham.SiraNabawiyya,
al-Humaydi A.B.A.A.B.A.-Z.-Q.,Musnad al-Humaydi,Bursi,0219IbnZubayrHumaydi.Musnad,
Hammad N.I.,Kitab al-fitan,Bursi,0228IbnHammadKhuzaci.Fitan,
Ibn Al-Ja'd B 'Ubayd A.,Musnad Ibn Al-Ja'd,Bursi,0230CaliIbnJacd.Musnad,
Ibn Sa'd M.,Kitab al-Tabaqat al-kabir,Bursi,0230IbnSacd.TabaqatKubra,
"Shayba I.A., Muhammad A.B.A.A.B.",Al-Muşannaf,Bursi,0235IbnAbiShayba.Musannaf,
"Shayba I.A., Muhammad A.B.A.A.B.",Musnad Ibn Abi Shayba,Bursi,0235IbnAbiShayba.Musnad,
al-Mus'ab B.A.A.-Z.,Kitab Nasab al-Quraysh,Bursi,0236AbuCabdAllahZubayri.NasabQuraysh,
al-Andalusi A.A.-M.H.,Al-Wadiha: Kutub al-salat wa-kutub al-hajj,Bursi,0238IbnHabibQurtubi.WadihaFiSunan,
Ibn Rahwayh I.B.I.B.M.-H.-M.,Musnad Ishaq ibn Rahwayh,Bursi,0238IbnRahawayh.Musnad,
Ibn Khayyat K.,Kitab al-Tabaqât,Bursi,0240IbnKhayyatCusfuri.Tabaqat,
Ibn Khayyat K.,Kitab al-Târîkh,Bursi,0240IbnKhayyatCusfuri.Tarikh,
Ibn Hanbal A.,Kitab al-'Ilal wa-ma'rifat al-rijal,Bursi,0241IbnHanbal.CilalWaMacrifa,
Ibn Hanbal A.,Kitab Fada'il al-sahaba,Bursi,0241IbnHanbal.FadailSahaba,
Hanbal A.A.A.B.,Masa'il al-Imam Ahmad ibn Hanbal,Bursi,0241IbnHanbal.MasailRiwayatCabdAllah,
Ibn Hanbal A.,Musnad al-Imam Ahmad ibn Hanbal,Bursi,0241IbnHanbal.Musnad,
Ibn Hanbal A.,Al-Zuhd,Bursi,0241IbnHanbal.Zuhd,
"al-Azraqī, Muh Ammad B., Allāh A.",Akhbār makkah wa mā jā' fīhāmin al-āthār,Bursi,0249Azraqi.AkhbarMakka,
al-Darimi A.A.B.A.-R.,Musnad al-Darimi al-ma'ruf bi-Sunan al-Darimi,Bursi,0255CabdAllahDarimi.Sunan,
al-Jahiz A.U.A.B.B.,Al-Bayan wa-l-tabyin,Bursi,0255Jahiz.BayanWaTabyin,
al-Jahiz A.U.A.B.B.,Kitab al-Hayawan,Bursi,0255Jahiz.Hayawan,
al-Jahiz A.U.A.B.B.,Rasa'il al-Jahiz,Bursi,0255Jahiz.Rasail,
Al Jahiz A.,Kitāb Al-Tarbī' Wa L-tadwīr,Bursi,0255Jahiz.TarbicWaTadwir,
al-Bukhari M.B.I.,Sahih al-Imam al-Bukhari ,Bursi,0256Bukhari.Sahih,
al-Bukhari M.B.I.,Sahih al-Bukhan',"Bursi, Goldziher",0256Bukhari.Sahih,
al-Bukhari M.B.I.,Kitab al-Ta'rikh al-kabir,Bursi,0256Bukhari.TarikhKabir,
Bakkar A.-Z.B.,Akhbar al-Muwaffaqiyyat,Bursi,0256ZubayrIbnBakkar.AkhbarMuwaffaqiyyat,
Bakkar A.-Z.B.,Jamharat nasab Quraysh wa-akhbaruha,Bursi,0256ZubayrIbnBakkar.JamharatNasabQuraysh,
al-Hakam I.A.,"Futûh Misr, wa'l Maghrib wa'l Andalus",Bursi,0257IbnCabdHakam.FutuhMisr,
al-Hajjaj al-Qushayri M.B.,Sahih Muslim,Bursi,0261Muslim.Sahih,
Ibn Shabba U.,Ta'rikh al-Madina al-munawwara,Bursi,0262CumarIbnShabba.TarikhMadina,
al-Fakihi A.A.A.M.B.I.B.A.-A.,Akhbar Makka fi qadim al-dahr wa-hadithihi,Bursi,0272IbnIshaqFakihi.AkhbarMakka,
Al-Barqi,Kitāb Al-mahāsin,Bursi,0274AhmadBarqi.Mahasin,
?,Al-Marasil,Bursi,0275AbuDawudSijistani.Marasil,
Abū Dāwūd Sulaymān ibn al-Ash’ath al-Sijistānī ,Masa'il al-imam Ahmad riwayat AbiDawud Sulaymän ibn al-Ash'ath al-Sijistani',Bursi,0275AbuDawudSijistani.MasailImamAhmad,
Ibn Qutayba A.A.B.M.,The Excellence of the Arabs,Bursi,0276IbnQutaybaDinawari.FadlCarab,
Ibn Qutaybah,Kitab al-Ma’arif,Margolioth,0276IbnQutaybaDinawari.Macarif,
Qutayba I.,al-Ma'ārif,Bursi,0276IbnQutaybaDinawari.Macarif,
al-Fasawi Y.B.S.,Kitab al-Ma'rifa wa-l-ta'rikh,Bursi,0277IbnSufyanFasawi.MacrifaWaTarikh,
al-Baladhuri A.B.Y.,Ansab al-ashraf,Bursi,0279Baladhuri.AnsabAshraf,
Al-Baladhuri,Futuh al-Buldan,Bursi,0279Baladhuri.FutuhBuldan,
Ibn Abi Khaythama A.Z.B.H.,Al-Ta'rikh al-kabir al-ma'ruf bi-Ta'rikh Ibn Abi Khaythama,Bursi,0279IbnAbiKhaythama.TarikhKabir,
al-Hawwari H.B.M.,Tafsir Kitab Allah al-'aziz,Bursi,0280HudHawwari.Tafsir,
Al-Dunya I.A.,Kitab Al-Mawt Wa-Kitab Al-Qubur,Bursi,0281IbnAbiDunya.DhikrMawt,
Al-Dunya I.A.,Kitab Hilm Mu'awiya,Bursi,0281IbnAbiDunya.HilmMucawiya,
Al-Dunya I.A.,Kitab al-Qubur,Bursi,0281IbnAbiDunya.Qubur,
"Al-Dinawari A.H., Guirgass V.",Kitab Al-akbhar At-tiwal,Bursi,0282AbuHanifaDinawari.AkhbarTiwal,
Ibn Hilāl al-Thaqafī A.I.I.M.S.B.B.,Al-Ghārāt,Bursi,0283AbuIshaqThaqafi.Gharat,
Al-Buhturi (d. 284/897),Hamasah,Goldziher,0284Buhturi.Hamasa,
Muhammad ibn Yazid al-Mubarrad ,Al-Kamil,Goldziher,0285IbnYazidMubarrad.KamilFiLugha,
Waddah M.B.,Kitab al-bida’ (Tratado Contra Las Innovaciones),Bursi,0286IbnWaddahQurtubi.Bidac,
"Asim I.A., Amr A.B.A.B.",Al-Ahad wa-l-mathani',Bursi,0287IbnAbiCasim.AhadWaMathani,
"Asim I.A., Amr A.B.A.B.",Kitab al-Salat 'ala. al-nabi',Bursi,0287IbnAbiCasim.Salat,
al-Saffar A.J.M.B.A.-H.B.F.,Basa'ir al-Darajatfifada'il al Muhammad,Bursi,0290IbnHasanSaffar.BasairDarajat,
al-Bazzar A.B.A.B.A.B.A.-K.-A.,Al-Bahr al-zakhkhar al-ma'ruf bi-Musnad al-Bazzar,Bursi,0292AbuBakrBazzar.BahrZakhkhar,
Al-Ya'qubi A.,Kitab Al-Buldan,Bursi,0292Yacqubi.Buldan,
al-Ya'qubi A.B.A.Y.B.J.B.W.B.W.,Ta'rikh,Bursi,0292Yacqubi.Tarikh,
"al-Nābulusī, ʿAbd al-Ghanī ibn Ismāʿīl ",Tarikh al-Ya'qubi: wa-huwa tarikh Ahmad ibn Abi Ya'qub ibn Ja'far ibn Wahb ibn Wadih al-Katib al-Abbasi al-ma'ruf bi-al-Ya'qubi. Beirut: Dar Sadirs,Abdulfattah,0292Yacqubi/0292Yacqubi.Tarikh),
Khurradadhbih I.,Kitāb al-masālik wa 1-mamālik,Bursi,0300IbnKhurdadhbih.MasalikWaMamalik,
Rustah I.,Kitāb aʿlāq al-nafīsa,Bursi,0300IbnRusta.AclaqNafisa,
al-Nasa'i A.B.S.,Kitab al-Sunan al-Kubra,Bursi,0303Nasai.SunanKubra,
Al-Nasa'i A.B.'A.B.S.,Sunan Al-Nasa'i,Bursi,0303Nasai.SunanSughra,
Ali al-Muthanna al-Taymi A.Y.A.B.,MusnadAbiYa'laal-Mawsili',Bursi,0307AbuYaclaMawsili.Musnad,
Al-Dulabi M.B.A.,Al-Kunā Wa'l-asmā,Bursi,0310IbnAhmadDulabi.KunaWaAsma,
al-Tabari M.B.J.,Tafsiral-Tabari: Jamial-Bayan 'an ta'wîlay al-Qur'an,Bursi,0310Tabari.JamicBayan,
al-Tabari M.B.J.,Ta'rikh al-rusul wa-l-muluk,"Bursi, Meri, Goldziher",0310Tabari.Tarikh,
al-Khallal A.B.A.B.M.,Ahl al-milal wa-l-ridda wa-l-zanadiqa wa-tarik al-salat wa-l-fară'id min Kitab al-Jami',Bursi,0311AbuBakrKhallal.AhkamAhlMilal,
Ibn Khuzayma al-Sulamī al-Naysābūrī A.B.M.B.I.,Sahīh Ibn Khuzayma,Bursi,0311IbnKhuzaymaNaysaburi.Sahih,
Ibn Khuzayma M.B.I.,Kitabal-Tawhid wa-ithbatsijatal-rabb 'azza wa- jalla,Bursi,0311IbnKhuzaymaNaysaburi.Tawhid,
Ibn A'tham A.-K.,Kitab al-Futuh,Bursi,0314IbnActhamKufi.Futuh,
al-'Ayyashi A.-N.M.B.M.,Tafsiral-Ayyashi',Bursi,0320IbnMascudCayyashi.Tafsir,
al-'Uqayli A.J.M.B.A.,Kitab al-Du'afa'al-kabir,Bursi,0322AbuJacfarCuqayli.DucafaKabir,
Hatim I.A.,Kitab al-Jarh wa-l-ta'dil,Bursi,0327IbnAbiHatimRazi.JarhWaTacdil,
Al-Andalusi I.A.R.,Al-Tqd al-farid,Bursi,0328IbnCabdRabbih.CiqdFarid,
Ibrahim al-Qummi A.B.,Tafsir al-Qummi,Bursi,0329IbnIbrahimQummi.Tafsir,
al-Kulayni M.B.Y.B.I.-R.,Al-Kafi,Bursi,0329IbnYacqubKulayni.Kafi,
al-Dinawari A.B.A.B.M.,Al-Mujalasa wa-jawahir al-ilm,Bursi,0333IbnMarwanDinawari.MujalasaWaJawahirCilm,
Al-Hamdānī A.-Ḥ.B.A.,Al-Iklīl (al-Juzʾ al-Thāmin),Bursi,0334IbnHaikHamdani.Iklil,
al-Hamdani A.M.A.-H.B.A.,Kitab al-Iklil min akhbar al- Yaman wa-ansab Himyar: Al-juz' al-awwal,Bursi,0334IbnHaikHamdani.Iklil,
al-Harithi A.A.B.M.B.Y.B.A.-H.,Musnad Abi Hanifa,Bursi,0340AbuMuhammadHarithi.MusnadAbiHanifa,
al-Mas'udi A.B.A.-H.,Muruj al-dhahab wa-ma'adin al-jawhar,"Bursi, Goldziher, Margoliouth",0346Mascudi.MurujDhahab,
Al-Kindi,Kitäb al-wulätwa-kitäb al-qudät,Bursi,0350MuhammadKindi.WulatMisr,
Ibn Hibban M.-T.-B.,Kitab al-Majruhin min al-muhaddithin,Bursi,0354IbnHibbanBusti.Majruhin,
Ibn Hibban M.-T.-B.,Kitab al-Thiqat,Bursi,0354IbnHibbanBusti.Thiqat,
al-Ajurri A.B.M.B.-H.,Kitab al-Sharia,Bursi,0360AbuBakrAjurri.Sharica,
al-Tabarani S.B.A.,Al-Mu'jam al-kabir,Bursi,0360Tabarani.MucjamKabir,
al-Tabarani S.B.A.,Musnad al-Shamiyyin,Bursi,0360Tabarani.MusnadShamiyyin,
Abu al-Faraj al-Isfahani A.B.A.-H.,Kitab al-Aghani',"Bursi, Goldziher",0362AbuFarajIsbahani.Aghani,
Qadi al-Nu’man,al-Majalis wal-Musayarat,Meri,0363QadiNucman.Majalis,
Ibn 'Adi A.A.-J.,Al-Kamilfi du'afa' al-rijal,Bursi,0365IbnCadiJurjani.KamilFiDucafa,
Ibn al-Faqih al-Hamadhani ,Kitab al-Buldan,Goldziher,0365IbnFaqihHamadhani.Buldan,
Ibn Ḥawqal A.L.-Q.,Kitāb ṣūrat al-ard,Bursi,0367IbnHawqal.SuratArd,
Al-Qummi I.Q.,Kāmil Al-Ziyārāt,Bursi,0368IbnQulawayh.KamilZiyarat,
Al-Rashid ibn al-Zubayr,Kitab al-Hadaya wal-Tuhaf,Meri,0380Khalidiyyan.TuhafWaHadaya,
Babawayh I.,Amali Al-Saduq,Bursi,0381IbnBabawayhSaduq.Amali,
Al-Qummi I.B.,Kitab Man la yahduru al-faqih,Bursi,0381IbnBabawayhSaduq.ManLaYahduruhuFaqih,
al-Daraqutni A.B.U.,AlSlal,Bursi,0385Daraqutni.Cilal,
al-Daraqutni A.B.U.,Sunan al-Daraqutni',Bursi,0385Daraqutni.Sunan,
Al-Qayrawani I.A.Z.,Kitab al-Jami fi al-sunan wa-l-adab wa-l-maghazi wa-l-tarikh,Bursi,0386IbnAbiZaydQayrawani.JamicFiSunan,
Al-Qayrawäm I.A.Z.,Al-Nawadir wa-l-ziyadat 'ala mafial-Mudawwana min ghayr-ha min al-ummahat,Bursi,0386IbnAbiZaydQayrawani.NawadirWaZiyadat,
"Khitabi Al, Muhamad Hamad Bin",A'alam Al Hadith (Shareh Sahih Al Bukhari),Bursi,0388AbuSulaymanKhattabi.AclamHadith,
Al-Muqaddasi,AÌsan Al-taqasim Fi ma'Rifat Al-aqalim,Bursi,0390Muqaddasi.AhsanTaqasim,
Al-Nisaburi A.-H.,Al-Mustadrak 'ala al-Sahihayn,Bursi,0405HakimNaysaburi.Mustadrak,
Al-Abi A.S.A.-H.,Nathr al-durr,Bursi,0421AbuSacdAbi.NathrDurr,
Miskawayh,Kitab Tajarib al-Umam,Meri,0421Miskawayh.Tajarib,
Tha'alibi,Thimār al-qulūb fī l-mud{dot below}āf wa-l-mansūb,Bursi,0429AbuMansurThacalibi.ThimarQulub,
Al-Isbahani A.N.,Kitab Dala'il al-nubuwwa,Bursi,0430AbuNucaymIsbahani.DalailNubuwwa,
Al-Isbahani A.N.,Hilyat al-awliya' wa tabaqât al-asfiya',Bursi,0430AbuNucaymIsbahani.HilyatAwliya,
"Al-Raba’i A.A.-H., Muhammad A.B.",Fada’il al-Sham wa-Dimashq,Bursi,0444IbnAbiHawl.FadailSham,
Hilal al-Sabi’,Rusum Dar al-Khilafa,Meri,0448HilalSabi.RusumDarKhilafa,
al-Karajuki A.F.M.B.A.B.U.,Kanz al-Fawa'id,Bursi,0449AbuFathKarajiki.KanzFawaid,
Ibn Battal A.B.K.,Sharh Sahih al-Bukhan',Bursi,0449IbnBattalQurtubi.SharhSahihBukhari,
Al-Mawardi,al-Ahkam al-Sultaniyya wal-Wilayat al-Diniyya,Meri,0450AbuHasanMawardi.AhkamSultaniyya,
Al-Najashi,Rijāl Al-Najāshī,Bursi,0450Najashi.Rijal,
Hazm I.,Jamharat ansāb al-'arab,Bursi,0456IbnHazm.JamharatAnsab,
al-Bayhaqi A.B.A.B.A.-H.,Dala'il al-nubuwwa wa-ma'rifat ahwal sahib al-shari'a,Bursi,0458Bayhaqi.DalailNubuwwa,
al-Bayhaqi A.B.A.B.A.-H.,Hayâtal-anbiya'bada wafati-him,Bursi,0458Bayhaqi.HayatAnbiya,
al-Bayhaqi A.B.A.B.A.-H.,Al-Jami li-shu'ab al-iman,Bursi,0458Bayhaqi.ShucabIman,
al-Bayhaqi A.B.A.B.A.-H.,Al-Sunan al-kubra,Bursi,0458Bayhaqi.SunanKubra,
Tusi M.I.H.,Al Amali,Bursi,0460ShaykhTusi.Amali,
al-Tusi A.J.,Ikhtiyar ma'rifat al-rijal al-ma'ruf bi rijal al-kashshi,Bursi,0460ShaykhTusi.IkhtiyarMacrifatRijal,
al-Tusi A.J.M.B.-H.,Rijalal-Tusi',Bursi,0460ShaykhTusi.Rijal,
al-Tusi A.J.M.B.-H.,Tahdhib al-ahkam fisharh al-Muqni'a li-l-shaykh al-Mufid,Bursi,0460ShaykhTusi.TahdhibAhkam,
Ibn ʿAbd al-Barr,Al-Isti'ab fi ma'rifat al-ashab,Bursi,0463IbnCabdBarr.IsticabFiMacrifatAshab,
Ibn 'Abd al-Barr A.U.Y.B.A.A.B.M.,Al-Tamhid li-ma B-l-Muwatta' min al-ma'ani wa-l-asanid,Bursi,0463IbnCabdBarr.TamhidMuwatta,
al-Khatib al-Baghdadi A.B.A.B.A.,Talkhis al-mutashabih fi-l-rasm wa-himayat ma ashkala minhu 'an bawädir al-tashif wa-al-wahm,Bursi,0463KhatibBaghdadi.TalkhisMutashabih,
al-Khatib al-Baghdadi A.B.A.B.A.,Ta'rikh Madinat al-Salam/Baghdad,"Bursi, Meri",0463KhatibBaghdadi.TarikhBaghdad,
al-Maliki A.B.A.A.B.M.,Kitab Riyad al-nufus fi tabaqât 'ulama' al-Qayrawan wa-Ifriqiyya wa-zuhhadihim wa-nussakihim wa-siyar min akhbarihim wa-fada'ilihim wa-awsafihim,Bursi,0464AbuBakrMaliki.RiyadNufus,
Al-Maqrizi A.A.A.B.A.,Fadā'il Bayt al-Maqdis wa'l-Khalīl wa-fadā'il al-Shām,Bursi,0492IbnMurajjaMaqdisi.FadailBaytMaqdis,
"Al-Turtushi M.I.Al.-W., Fierro M.",Kitāb al-ḥawādit̲ wa-l-bidaʻ ,Bursi,"0520IbnWalidTurtushi.Hawadith""",
Ibn A.,Ta'rikh Madinat Dimashq,Bursi,0571IbnCasakir.TarikhDimashq,
Ibn Shahrashub M.B.A.,Manaqib Al Abi Talib,Bursi,0588IbnShahrAshub.ManaqibAlAbiTalib,
Ibn al-Jawzi J.A.-D.A.,Akhbar al-adhkiya',Bursi,0597IbnJawzi.Adhkiya,
Ibn al-Jawzi A.-F.A.-R.B.A.,Virtues of Imam Ahmad Ben Hanbal,Bursi,0597IbnJawzi.ManaqibImamAhmad,
Ibn al-Jawzi A.-F.A.-R.B.A.,Kitab al-Mawdu'at,Bursi,0597IbnJawzi.Mawducat,
Ibn al-Jawzi,al-Muntazam,Meri,0597IbnJawzi.Muntazam,
Al-Maqdisi S.A.-D.,Muthir Al-Gharam Ila Ziyarat Al-Quds Wa Al-Sham,Bursi,0597IbnJawzi.MuthirGharam,
Ibn Jubayr A.-H.M.B.A.,Rihla,Bursi,0614IbnJubayr.Rihla,
Ibn Qudāmaŧ al-Maqdisī,Kitab al-Burhan,Bursi,0620IbnQudamaMaqdisi.Burhan,
Al-Hamawi Y.,Mu'jam al-buldan,"Bursi, Goldziher",0626YaqutHamawi.MucjamBuldan,
Ibn al-Athir,Al-Kamil fi al-Tarikh,Margolioth,0630IbnAthirCizzDin.Kamil,
"Al-Athir I., Al-Din I.",Usd Al-ghābafī Ma'rifat Al-sahāba,Bursi,0630IbnAthirCizzDin.UsdGhaba,
Sibt ibn al-Jawzi,Mir’at al-Zaman fi Ta’rikh al-A’yan,Meri,0654SibtIbnJawzi.MiratZaman,
Ibn Asakir,Juz’ Timthal Na’l al-Nabi,Meri,0686AbuYamanIbnCasakir.JuzNaclNabi,
Ibn al-Tiqtaqa ,Al-Fakhri,Goldziher,0709IbnTiqtaqa.FakhriFiAdab,
Taymiyya I.,Iqtida'al-sirat al-mustaqim li-mukhalafat ashab al-jahim,Bursi,0728IbnTaymiyya.IqtidaSirat,
"Taymiyya I., 'Abd al-Halim A.",Iqtida Al-Sirat Al-Mustaqim Mukhalifat Ashab Al-Jahim,Abdulfattah,0728IbnTaymiyya.IqtidaSirat,
Taymiyya I.,Majmu'al-fatawa,Bursi,0728IbnTaymiyya.MajmucFatawa,
Abu'l-Fida ,Al-Mukhtasar fi Akhbar al-Bashar,Goldziher,0732AbuFida.MukhtasarFiAkhbarBashar,
Ibn Balban A.-D.A.-F.,Al-Ihsan fi taqrib Sahih Ibn Hibban,Bursi,0739CalaDinIbnBalban.Ihsan,
al-Mizzi J.-D.Y.,Tahdhib al-kamalfi asma' al-rijal,Bursi,0742Mizzi.TahdhibKamal,
al-Dhahabi S.A.-D.M.B.A.,Mizan al-i'tidal fi naqd al-rijal,Bursi,0748Dhahabi.MizanIctidal,
al-Dhahabi S.A.-D.M.B.A.,Mujam al-shuyukh,Bursi,0748Dhahabi.MucjamShuyukh,
al-Dhahabi S.A.-D.M.B.A.,Siyar a'lam al-nubala,Bursi,0748Dhahabi.SiyarAclamNubala,
al-Dhahabi S.A.-D.M.B.A.,Ta'rikh al-Islam wa-wafayat al-mashahir wa-l-a'lam,Bursi,0748Dhahabi.TarikhIslam,
Al-Jawziyya I.Q.,Ighathat al-lahfan f masa'id al-shaytan,Bursi,0751IbnQayyimJawziyya.IghathatLahfan,
"al-Kutubi, Muhammad ibn Shakir ",Fawat al-Wafayat,Goldziher,0764IbnShakirKutubi.FawatWafayat,
Kathir I.,Al-Bidaya wa-l-nihaya,Bursi,0774IbnKathir.Bidaya,
Ibn Battuta,Rihlat,"Abdulfattah, Goldziher, Margoliouth",0779IbnBattuta.Rihla,
Ibn Farhun,al-Dibaj al-Mudhhab fi Ma’rifat A’yan Ulama’ al-Madhhab,Meri,0799IbnFarhun.DibajMudhahhab,
al-Haythami N.-D.,Bughyat al-bahith Om zawa'id musnad al-Harith,Bursi,0807NurDinHaythami.BughyatBahith,
al-Haythami N.-D.,Majma' al-zawa'id wa-manba' al-fawa'id,Bursi,0807NurDinHaythami.MajmacZawaid,
Ibn Khaldun ,Kitab al-'Ibar,Goldziher,0808IbnKhaldun.Tarikh,
al-Damiri M.B.M.,Hayat al-hayawan al-kubra,Bursi,0808MuhammadDamiri.HayatHayawanKubra,
"Al-Zayyat I., Muhammad M.I.",Kitab al-Kawakib al-sayyarah fitartib al-ziyarah fial-qarafatayn al-kubra wa-al-sughra,Abdulfattah,0814IbnZayyat.KawakibSayyara,
" al-Maqrizi, Taqi al-Din Ahmad ibn Ali",Kitab al-muqaffa al-kabir,Abdulfattah,0845Maqrizi.Muqaffa,
"al-Maqrizi, Taqi al-Din Ahmad ibn Ali ",al-Mawaiz wa-al-i'tibar fidhikr al-khitat wa-al-athar,"Abdulfattah, Margolioth",0845Maqrizi/0845Maqrizi.Mawaciz,
Al-Asqalani I.H.,Fathal-baribi-sharh Sahih al-Bukhan\,"Bursi, Margolioth",0852IbnHajarCasqalani.FathBari,
Ibn Hajar al-Asqalani,Fath al-Bari bi-Sharh Sahih al-Bukhari,Meri,0852IbnHajarCasqalani.FathBari,
Al-Asqalani I.H.,Al-Isaba fi tamyiz al-sahaba,Bursi,0852IbnHajarCasqalani.IsabaFiTamyiz,
Al-Asqalani I.H.,Hady al-sari muqaddimat Fath al-bari,Bursi,0852IbnHajarCasqalani.MuqaddimatFathBari,
Al-Asqalani I.H.,Tahdhib al-tahdhib,Bursi,0852IbnHajarCasqalani.TahdhibTahdhib,
Ibn Hajar al-Asqalani ,Tahdhib al-Tahdhib,Goldziher,0852IbnHajarCasqalani.TahdhibTahdhib,
Ibn Hajar A.-A.,Taqrīb Al-Tahdhīb,"Bursi, Goldziher",0852IbnHajarCasqalani.TaqribTahdhib,
Al-Sakhawi,al-Daw’ al-Lami’,Meri,0902Sakhawi.DawLamic,
Al-Samhudi A.,Khulasat al-wafa bi-akhbar dar al-Mustafa,Bursi,0911Samhudi.KhulasatWafa,
al-Samhudi A.B.A.A.,Waf' al-wafa bi-akhbar Dar al-Mustafa,Bursi,0911Samhudi.WafaWafa,
al-Suyuti J.-D.,Al-Khasa'is al-kubra,Bursi,0911Suyuti.KhasaisKubra,
Al-Qastallani,al-Mawahib al-Ladunniyya,Meri,0923AhmadQastallani.MawahibLaduniyya,
Al-Nu’aymi,al-Daris fi Tarikh al-Madaris,Meri,0927Nucaymi.DarisFiMadaris,
Ibn Iyas,Bada’i al-Zuhur fi Waqa’i al-Duhur,Margolioth,0930IbnIyas.BadaicZuhur,
"Iyas I., Ahmad M.I.",Badai al-zuhur fiwaqai al-duhur,Abdulfattah,0930IbnIyas.BadaicZuhur,
al-Tirmidhi M.B.I.,Al-Jami' al-kabir,Bursi,1134IbnSalimBasri.KhatmJamicTirmidhi,
Al-Maqqari,Fath al-Muta’al fi Madh al-Ni’al,Meri,1250IbnMuhammadRaiqiSacidi.FathMutacal,
Ahmad Taymur,Al-Athar al-Nabawiya,"Meri, Abdulfattah",1348AhmadTaymurBasha.AtharNabawiyya,
’Abd al-Rahman al-Jabarti,Ajaib al-athar fial-tarajim wa-al-akhbar,Abdulfattah,No,https://archive.org/details/JabartiAjaebAthaar01
Ibrahim A.Y.Y.B.,Aja'ib al-athar,Bursi,No,https://archive.org/details/JabartiAjaebAthaar01
Mahbūb ibn Qusṭanṭīn,Kitab al-Unwan [Agapius Episcopus Mabbugensis Historia universalis],Bursi,No,https://archive.org/details/kitabalunvanhist0011agap/page/664/mode/2up
?,Kitab al-Sunan,Bursi,No,Pending
‘Abd al-Fattah M.,Ba‘d al-mulahazat ‘ala al-‘ilaqa bayna murur al-mawakib wa wad‘al-mabani al-athariyya fi shawari‘madinat al-Qahira,McGregor,No,Pending
‘Abd al-Malik S.S.,Qit‘a nadira min al-kiswa al-dakhiliyya li’l-ka‘ba al-musharrafa bi’sm al-sultan al-Nasir Hasan bin Muhammad bin Qalawun tu’arrakh bi-sanat 791 AH / 1359–1360 m,McGregor,No,Pending
‘Abd al-Wahhab H.,Alathar Almanqulah Walmuntahalah Fi Aleimarah Aleslamyah,McGregor,No,Pending
Abbas M.,Manarat al-funun wa al-hadara al-Islamiyya,McGregor,No,Pending
"Abd al-Ghani I., Shalabi A.",Awdah al-isharat fiman tawallá Misr al-Qahirah min al-wuzara wa-al-bashat: al-mulaqqab bi-al-Tarikh al-ayni,Abdulfattah,No,Pending
Abu 'Awana Y.B.I.,Musnad Abi Auana,Bursi,No,Pending
Abu Sulaiman A.,Al-Amakin al-ma’thura al-mutawattara fi Makka al-mukarrama,McGregor,No,Pending
Abual-'Amayim M.,Athar al-Qahirah al-Islamiyah fial-'Asr al-'Uthmani,Abdulfattah,No,Pending
Al-‘Arif Y.H.,Al-Rihla al-Hajjiyya: qira’at fi al-matn wa’l-madamin,McGregor,No,Pending
Al-Anbalī I.R.,Kitāb Ahkām Al-Khawātīm Wa-Mā Yata Allaq Bihā,Bursi,No,Pending
Al-Asbahani A.A.-S.,Kitab al-azama,Bursi,No,Pending
Al-Azdi I.B.I.,Fadl al-salat 'ala al-nabi\,Bursi,No,Pending
Al-Barjawi A.R.,Fusul fi ‘ilm al-jamal,McGregor,No,Pending
Al-Busiri ,Qasidat al-Burdah,Margolioth,No,Pending
Al-Fir M.F.A.A.,Tatawwur Al-kitabat Wa-n-nuquš Fi L-Higaz Mundu Fagr Al-islam hatta Muntasaf Al-qarn As-sabi' Al-higri,Bursi,No,Pending
Al-Ghabban M.,"Alé, al-Kitabat al-islamiyya al-mubakkira fé Hahbat óisma bi-mintaqat Tabëk: Dirasa ta'léliyya athariyya wa-lughawiyya",Bursi,No,Pending
al-Hamdani A.M.A.-H.B.A.,Al-Juz' al-sadis min al-Iklil,Bursi,No,Pending
"Al-Harbi I.B.I., Al-Jasir H.",Kitāb al-manāsik waʾmākin wa ṭuruq al-ḥaǧ wa maālim al-ǧazīra,Bursi,No,Pending
al-Harithi N.A.,Al-Athar al-Islamiyyafì Makka al-mukarrama,Bursi,No,Pending
al-Majid A.,Layla. “Al-Mahmal ‘abr al-‘usur al-tarikhiyya,McGregor,No,Pending
al-Maraghi A.B.B.A.-H.B.U.,Tahqiq al-nusra bi-talkhis ma'alim dar al-hijra,Bursi,No,Pending
al-Matan J.A.-D.M.B.A.,Al-Ta'rif bi-ma anasat al-hijra min ma'alim dar al-hijra,Bursi,No,Pending
"al-Nābulusī, ʿAbd al-Ghanī ibn Ismāʿīl ",al-Haqiqah wa-al-majaz firihlat bilad al-Sham wa-Misr wa-al-Hijaz,"Abdulfattah, Goldziher",No,Pending
Al-Najjār I.,Al-Durra Al-Thamīna Fī Ta’Rīkh Al-Madīna,Bursi,No,Pending
Al-Qummi I.B.,Kitab al-Nubuwwa,Bursi,No,Pending
Al-Rashid S.,Kitabat Islamiyya Min Makka Al-mukarrama,Bursi,No,Pending
"al-Sarī H.B., al-Sarī A.",Kitāb Al-Zuhd,Bursi,No,Pending
al-Shaybani M.B.-H.,Muwatta' al-imam Malik,Bursi,No,Pending
Al-Tanukhi S.B.S.,Al-Mudawwana al-kubra,Bursi,No,Pending
Al-Tha'Labi A.I.A.I.M.,Kitāb Qisas al-Anbīyā',Bursi,No,Pending
Al-Thaqafi M.B.A.,Juz' Muhammad b. 'Asim al-Thaqaf al-Isbahani',Bursi,No,Pending
al-Warjlani A.Y.Y.B.I.,Kitab al-Tartib fi-l-sahih min hadith al-rasul,Bursi,No,Pending
Al-Wasiti M.I.A.,Fadā'il al-Bayt al-Muqaddas,Bursi,No,Pending
Ali M.,al-Khitat al-Tawfiqiyah al-jadidah li-Misr al-Qahirah wa-muduniha wa-biladiha al-qadimah wa-shahirah,Abdulfattah,No,Pending
Ali Mubarak Pasha,Al-Khitat al-Jadida,Goldziher,No,Pending
Amin M.M.,Al-awqāfi'l-hayāh Al-ijtimā'iyya Fī Misr 648-923/1250-1517,McGregor,No,Pending
"Aruba I.A., Al-'Adawi A.A.-N.S.",Kitab al-Manasik,Bursi,No,Pending
Brinner W.M.,"Arai'is al-Majalis f?i Qisas al-Anbiya', or 'Lives of the Prophets' as recounted by Abu Ishaq Ahmad Ibn Muhammad Ibn Ibrahim al-Tha'labi",Bursi,No,Pending
"Chekhab-Abudaya M., Couvrat Desvergnes A., Roxburgh D.J.",Muqarnas,Bursi,No,Pending
"Durust ibn Abī Manṣūr al-Wāsiṭī,",Al-Uşül al-sitta 'ashar min al-usulal-awwaliyya: Majmu'at min kutub al-riwaya al- awwaliyya,Bursi,No,Pending
Furat al-Kufi F.B.I.B.,Tafsir Furat al-Kufi,Bursi,No,Pending
Hasan Qummi H.B.M.B.,Tarikh-i Qumm,Bursi,No,Pending
Hayes E.,Al-Masaq,Bursi,No,Pending
Ibn Abi Zar' ,Al-Anis al-Mutrib bi-Rawd al-Qirtas,Goldziher,No,Pending
Ibn al-Futi,Talkhis Majma’ al-Adab fi Mu’jam al-Alqab,Margolioth,No,Pending
Ibn Duqmaq,Kitab al-Intisar,Margolioth,No,Pending
Ibn Habib A.A.-M.,Kitāb al-Ta'rīkh,Bursi,No,Pending
Ibn Majah M.Y.,Sunan Ibn Majah,Bursi,No,Pending
Isḥāq ibn Manṣūr al-Marwazī.,Masā’il al-Imām Aḥmad ibn Ḥanbal wa 'Isḥāq bin Rahūyah bi Riwāyat 'Isḥāq bin Mansūr al-Marwazī,Bursi,No,Pending
Munabbih W.B.,Wahb b. Munabbih. ,Bursi,No,Pending
Tabaqat A.A.-A.M.B.A.B.T.,Tabaqat 'ulama'Ifrîqiyya,Bursi,No,Pending
Zayd A.B.I.B.,Kitab Ra'b al-sad': Amalial-Imam Ahmad b. Tsa b. Zayd b. Ali b. al-Husayn b. Ali b. Abi Talib,Bursi,No,Pending